S00000001,Sarah,Neary
S00000002,Stuart,Healy
S00000003,Ciaran,Doyle
S00000004,Rhea,Percival
S00000005,Daniel,Gartland
S00000006,Gareth,Uppada
S00000007,Ciara,Kivlehan
S00000008,Gary,Trojan
S00000009,Geoffrey,Dennison
S00000010,Kevin,Rency
S00000011,Katie,O Daly
S00000012,Michael,Monaghan
S00000013,Niall,Siggins
S00000014,Aoife,Callery
S00000015,William,Dlamini
S00000016,Patrick,Farrell
S00000017,Natalia,Mc Gonigle
S00000018,Daniel,Garner
S00000019,Siobhan,Cusack
S00000020,Lauren,O Brien
S00000021,Lisa,O Briain
S00000022,Renata,Losty
S00000023,Ryan,Nolan
S00000024,Laura,O Neill
S00000025,Jeff,Vaughan
S00000026,Bridget,Adams
S00000027,Alice,Mc Loughlin
S00000028,Aidan,Ryan
S00000029,Susan,Garvey
S00000030,Stephen,Foster
S00000031,Smitha,Ryan
S00000032,Rebecca,Smith
S00000033,Rachel,Finney
S00000034,John,Forde
S00000035,Kevin,Keaney
S00000036,Myffina,Hever
S00000037,Richard,O Hara
S00000038,Grainne,Doran
S00000039,Michael,Byrne
S00000040,Keith,Mc Avoy
S00000041,Marta,Griffin
S00000042,Ekaterina,Bye
S00000043,Aidan,murphy
S00000044,Andrew,Brennan
S00000045,Alan,Breen
S00000046,Rosemary,Keogh
S00000047,Connor,Walsh
S00000048,Brian,Humphries
S00000049,Ursula,Sullivan
S00000050,Stewart,Foley
S00000051,Anthony,O Donoghue
S00000052,Jamie,Gallagher
S00000053,Gatis,Bird
S00000054,Conor,Dowd
S00000055,Joseph,Lopez Martinez
S00000056,Sobharani,Liston
S00000057,Paul,Davis
S00000058,Carmel,Boyle
S00000059,Vincent,Lougheed
S00000060,Connor,Gleeson
S00000061,Natasha,O Reilly
S00000062,Lisa,Kennedy
S00000063,Mark,O Sullivan
S00000064,Ziyanda,Halford
S00000065,Robert,Fitzsimons
S00000066,Sally,Dever
S00000067,Eugene,Clarke
S00000068,Rory,Patterson
S00000069,Niamh,Guihen
S00000070,Sinead,Connolly
S00000071,Lynne-Marie,Barbals
S00000072,Amy,Mc Combs
S00000073,Daniel,Masterson
S00000074,James Joseph,Solodovnik
S00000075,Alan,Simpson
S00000076,Claire,Kelly
S00000077,Marie,Roberts
S00000078,Mark,Shologu
S00000079,Jake,Burke
S00000080,Manqoba,Foster
S00000081,tadhg,Mc Goldrick
S00000082,James,Maguire
S00000083,Emma,O Brien
S00000084,Laura,Reilly
S00000085,Chloe,Ward
S00000086,Rachel,Fahey
S00000087,Emma,Casey
S00000088,Nikita,Mitchell
S00000089,Clodagh,Gallagher
S00000090,Teresa,O Flynn
S00000091,Lisa,Mulvey
S00000092,Cait,McGarrigle
S00000093,Amy,Clail
S00000094,Demi,Webb
S00000095,Aideen,Mc Cormack
S00000096,Helen,Hyland
S00000097,Roisin,Mc Gettigan
S00000098,Siobhan,Doherty
S00000099,Shauna,Glynnmartin
S00000100,Emer,Mitchell
S00000101,Nicole,Higgins
S00000102,Gail,Higgins
S00000103,Siofra,Lenihan
S00000104,Aisling,Cafferty
S00000105,Hilary,Timlin
S00000106,Niamh,Gordon
S00000107,Demi,Brennan
S00000108,Laura,Lee
S00000109,Grainne,Scally
S00000110,Lorraine,Walsh
S00000111,Niamh,Monaghan
S00000112,Laura,Dorange
S00000113,Rachel,Lynskey
S00000114,Catherine,Kelly
S00000115,Rebecca,Ralph
S00000116,Aoife,Grennan
S00000117,Karina,Heneghan
S00000118,Emma,Tuffy
S00000119,Michaela,Campbell
S00000120,Karen,Loftus
S00000121,Siofra,Skrzyszewska
S00000122,Aoife,O'Malley
S00000123,Aoife,McGarrigle
S00000124,Ciara,Sullivan
S00000125,Mary,Ralph
S00000126,Hannah,Mc Gourty
